Year Mnth Day Hr,PRCP(mm/day),SRAD(W/m2),Tmax(C),Tmin(C)
1997 10 01 12,0,481.07,14.63,14.63
1997 10 02 12,0,419.78,12.69,12.69
1997 10 03 12,0,460.02,13.5,13.5
1997 10 04 12,0,475.12,15.39,15.39
1997 10 05 12,0.01,467.19,17.43,17.43
1997 10 06 12,0.03,464.71,19.48,19.48
1997 10 07 12,0.02,460.7,20.38,20.38
1997 10 08 12,0,454.26,19.89,19.89
1997 10 09 12,0.25,437.56,19.52,19.52
1997 10 10 12,1.83,361.41,19.5,19.5
1997 10 11 12,2.84,400.33,19.62,19.62
1997 10 12 12,0,359.82,18.59,18.59
1997 10 13 12,1.03,394.89,18.31,18.31
1997 10 14 12,0.82,267.96,17.67,17.67
1997 10 15 12,0.17,227.79,13.43,13.43
1997 10 16 12,0.09,171.72,10.72,10.72
1997 10 17 12,3.74,242.92,10.53,10.53
1997 10 18 12,0,314.46,10.2,10.2
1997 10 19 12,14.07,212.72,10.69,10.69
1997 10 20 12,0,436.52,10.36,10.36
1997 10 21 12,0.06,220.95,9.74,9.74
1997 10 22 12,0.77,417.3,9.48,9.48
1997 10 23 12,3.28,433.68,6.86,6.86
1997 10 24 12,23.62,122.77,8.42,8.42
1997 10 25 12,17.17,219.86,13.1,13.1
1997 10 26 12,88.32,198.72,16.1,16.1
1997 10 27 12,4.47,390.05,11.57,11.57
1997 10 28 12,0.61,423.26,4.8,4.8
1997 10 29 12,0,398.13,7.79,7.79
1997 10 30 12,0.85,413.51,9.63,9.63
1997 10 31 12,0.69,342.09,9.94,9.94
1997 11 01 12,13.8,213.2,11.48,11.48
1997 11 02 12,14.04,335.27,10.05,10.05
1997 11 03 12,0.26,198.04,6.87,6.87
1997 11 04 12,0.18,371.02,4.32,4.32
1997 11 05 12,0.84,361.51,4.77,4.77
1997 11 06 12,3.08,95.74,5.44,5.44
1997 11 07 12,4.77,217.97,6.93,6.93
1997 11 08 12,0.33,157.1,5.33,5.33
1997 11 09 12,0,356.7,5.64,5.64
1997 11 10 12,0.09,309.51,7.75,7.75
1997 11 11 12,0,305.29,7.6,7.6
1997 11 12 12,5.56,193.64,5.15,5.15
1997 11 13 12,13.64,168.58,6.33,6.33
1997 11 14 12,5.72,192.15,6.65,6.65
1997 11 15 12,0,322.51,2.81,2.81
1997 11 16 12,1.1,348.46,-0.94,-0.94
1997 11 17 12,0.57,353.67,-2.34,-2.34
1997 11 18 12,0,336.51,0.32,0.32
1997 11 19 12,0,292.27,3.91,3.91
1997 11 20 12,0,341.34,5.34,5.34
1997 11 21 12,11.61,102.35,5.33,5.33
1997 11 22 12,11.7,318.58,10.52,10.52
1997 11 23 12,0.46,334.31,7.43,7.43
1997 11 24 12,0,334.61,3.05,3.05
1997 11 25 12,0,333.43,2.59,2.59
1997 11 26 12,0.02,179.37,4.17,4.17
1997 11 27 12,0.02,332.93,7.52,7.52
1997 11 28 12,0,244.11,8.72,8.72
1997 11 29 12,3.47,143.17,11.73,11.73
1997 11 30 12,10.59,237.23,12.84,12.84
1997 12 01 12,3.94,331.94,9.16,9.16
1997 12 02 12,0.22,292.64,6.92,6.92
1997 12 03 12,7.52,125.53,8.16,8.16
1997 12 04 12,12.52,295.57,9.28,9.28
1997 12 05 12,0,271.14,1.94,1.94
1997 12 06 12,0.03,307.9,-3.54,-3.54
1997 12 07 12,0,324.82,-3.45,-3.45
1997 12 08 12,3.86,140.08,-1.36,-1.36
1997 12 09 12,9.53,270.08,2.02,2.02
1997 12 10 12,17.68,291.4,4.22,4.22
1997 12 11 12,0,303.03,4.49,4.49
1997 12 12 12,0,270.37,3.31,3.31
1997 12 13 12,0,150.84,2.89,2.89
1997 12 14 12,0.02,290.28,3.48,3.48
1997 12 15 12,0,327.23,1.9,1.9
1997 12 16 12,0,320.32,4.35,4.35
1997 12 17 12,0,317.8,4.83,4.83
1997 12 18 12,0,319.12,4.76,4.76
1997 12 19 12,0,317.38,6.08,6.08
1997 12 20 12,0,294.94,7.21,7.21
1997 12 21 12,0.82,209.95,7.52,7.52
1997 12 22 12,27.53,226.3,6.94,6.94
1997 12 23 12,0.07,249.46,6.86,6.86
1997 12 24 12,39.6,98.1,7.27,7.27
1997 12 25 12,0.89,315.83,8.59,8.59
1997 12 26 12,0,308.05,5.15,5.15
1997 12 27 12,17.74,138.22,3.78,3.78
1997 12 28 12,1.21,326.7,-1.71,-1.71
1997 12 29 12,4.13,99.87,-1.81,-1.81
1997 12 30 12,0.56,255.33,-2.68,-2.68
1997 12 31 12,3.67,265.7,-2.56,-2.56
1998 01 01 12,0.93,316.84,-4.94,-4.94
1998 01 02 12,0.66,315.29,-0.08,-0.08
1998 01 03 12,2.14,255.96,4.56,4.56
1998 01 04 12,0,241.06,8.57,8.57
1998 01 05 12,9.16,104.54,11.04,11.04
1998 01 06 12,20.71,185.45,13.6,13.6
1998 01 07 12,108.67,154,15.11,15.11
1998 01 08 12,28.58,228.87,13.95,13.95
1998 01 09 12,5.55,307.63,6.94,6.94
1998 01 10 12,0.1,325.45,3.41,3.41
1998 01 11 12,0,166.42,4.7,4.7
1998 01 12 12,0.18,194.06,7.53,7.53
1998 01 13 12,1.09,308.72,9.27,9.27
1998 01 14 12,0.94,92.45,5.78,5.78
1998 01 15 12,50.48,118.49,3.16,3.16
1998 01 16 12,17.68,179.31,5.05,5.05
1998 01 17 12,0.72,280.81,3.44,3.44
1998 01 18 12,0,226.54,1.87,1.87
1998 01 19 12,9.39,284.71,3,3
1998 01 20 12,0,343.77,1.07,1.07
1998 01 21 12,0,266.4,1.01,1.01
1998 01 22 12,40.21,109.19,3.64,3.64
1998 01 23 12,11.41,157.87,8.67,8.67
1998 01 24 12,0,338.85,5.43,5.43
1998 01 25 12,0.24,348.53,0.4,0.4
1998 01 26 12,0.78,335,2.23,2.23
1998 01 27 12,23.07,133.31,3.53,3.53
1998 01 28 12,2.59,342.28,3.73,3.73
1998 01 29 12,0.77,347.85,4.98,4.98
1998 01 30 12,0,363.58,4.34,4.34
1998 01 31 12,0,372.42,1.8,1.8
1998 02 01 12,1.91,359.7,1.39,1.39
1998 02 02 12,1.17,168.59,3.21,3.21
1998 02 03 12,67.39,107.26,5.52,5.52
1998 02 04 12,49.73,117.14,2.92,2.92
1998 02 05 12,0.07,354.13,0.55,0.55
1998 02 06 12,0.14,368.17,0.82,0.82
1998 02 07 12,0,274.57,2.49,2.49
1998 02 08 12,0.12,237.57,3.42,3.42
1998 02 09 12,0.33,245.01,4.5,4.5
1998 02 10 12,0.55,258.61,4.61,4.61
1998 02 11 12,8.54,165.18,6.04,6.04
1998 02 12 12,1.49,369.99,5.48,5.48
1998 02 13 12,0,321.72,3.64,3.64
1998 02 14 12,0,370.55,3.53,3.53
1998 02 15 12,0,403.12,2.34,2.34
1998 02 16 12,64.56,133.86,4.28,4.28
1998 02 17 12,26.12,230.64,9.33,9.33
1998 02 18 12,2.89,222.94,6.29,6.29
1998 02 19 12,0.07,388.15,5.97,5.97
1998 02 20 12,0.04,328.36,7.25,7.25
1998 02 21 12,0,364.79,4.84,4.84
1998 02 22 12,1.51,258.68,4.39,4.39
1998 02 23 12,24.29,158.58,4.83,4.83
1998 02 24 12,0.16,423.54,4.83,4.83
1998 02 25 12,0,426.81,8.47,8.47
1998 02 26 12,0,400.75,10.35,10.35
1998 02 27 12,20.84,353.92,10.21,10.21
1998 02 28 12,0.07,435.49,11.3,11.3
1998 03 01 12,0.04,453.84,8.65,8.65
1998 03 02 12,0.22,322.54,3.09,3.09
1998 03 03 12,0.23,288.67,-0.29,-0.29
1998 03 04 12,0.08,334.38,1.11,1.11
1998 03 05 12,0.18,233.36,4.1,4.1
1998 03 06 12,3.2,177.02,6.35,6.35
1998 03 07 12,15.78,165.89,7.78,7.78
1998 03 08 12,59.85,247.12,12.16,12.16
1998 03 09 12,39.39,296.92,9.12,9.12
1998 03 10 12,0.04,401.95,-1.4,-1.4
1998 03 11 12,0.25,464.51,-3.71,-3.71
1998 03 12 12,0.26,492.76,-5.35,-5.35
1998 03 13 12,0.04,344.83,-3.36,-3.36
1998 03 14 12,0,463.71,2.87,2.87
1998 03 15 12,0,488.21,5.7,5.7
1998 03 16 12,2.47,117.5,6.41,6.41
1998 03 17 12,2.43,224.02,5.19,5.19
1998 03 18 12,18.81,197.89,7.37,7.37
1998 03 19 12,13.23,474.94,12.51,12.51
1998 03 20 12,19.03,362.9,11.85,11.85
1998 03 21 12,0.41,351.94,3.14,3.14
1998 03 22 12,0,488.22,1.83,1.83
1998 03 23 12,0,276.35,3.63,3.63
1998 03 24 12,2.56,428.94,6.3,6.3
1998 03 25 12,0.49,271.34,8.29,8.29
1998 03 26 12,0.06,495.73,11.04,11.04
1998 03 27 12,0,447.33,14.35,14.35
1998 03 28 12,0,494.03,15.88,15.88
1998 03 29 12,0,490.82,16.23,16.23
1998 03 30 12,0,500.1,17.09,17.09
1998 03 31 12,4.07,383.12,17.52,17.52
1998 04 01 12,21.49,436.19,15.99,15.99
1998 04 02 12,6.04,524.77,12.62,12.62
1998 04 03 12,24.03,213.96,11.79,11.79
1998 04 04 12,7.58,437.33,9.56,9.56
1998 04 05 12,0,538.14,6.44,6.44
1998 04 06 12,0,533.14,9.45,9.45
1998 04 07 12,0,458.55,11.8,11.8
1998 04 08 12,1.64,361.88,15.69,15.69
1998 04 09 12,27.39,440.57,13.28,13.28
1998 04 10 12,0.92,240.77,6.13,6.13
1998 04 11 12,0.43,543.38,6.55,6.55
1998 04 12 12,0,542.82,8.63,8.63
1998 04 13 12,1.24,361.54,10.17,10.17
1998 04 14 12,11.8,303.28,10.82,10.82
1998 04 15 12,2.35,402.74,13.81,13.81
1998 04 16 12,2.83,278.37,15.81,15.81
1998 04 17 12,51.7,415.61,17.28,17.28
1998 04 18 12,12.48,277.88,13.05,13.05
1998 04 19 12,26.07,208.75,13.79,13.79
1998 04 20 12,0.74,512.55,9.35,9.35
1998 04 21 12,0.58,364.14,10.12,10.12
1998 04 22 12,23.83,267.56,8.21,8.21
1998 04 23 12,6.01,355.89,7.93,7.93
1998 04 24 12,0.97,506.08,10.72,10.72
1998 04 25 12,0.21,537.67,12.58,12.58
1998 04 26 12,0.11,526.86,14.11,14.11
1998 04 27 12,0.36,413.37,15.19,15.19
1998 04 28 12,0.73,366.19,11.56,11.56
1998 04 29 12,0.03,315.35,11.72,11.72
1998 04 30 12,43.11,268.16,13.95,13.95
1998 05 01 12,11.8,471.57,13.82,13.82
1998 05 02 12,2.75,396.45,10.77,10.77
1998 05 03 12,3.09,422.22,13.7,13.7
1998 05 04 12,2.37,531.26,13.04,13.04
1998 05 05 12,0.35,578.81,12.81,12.81
1998 05 06 12,0.38,471.91,15.74,15.74
1998 05 07 12,22.17,341.07,16.81,16.81
1998 05 08 12,6.49,463.38,17.33,17.33
1998 05 09 12,0.17,539.63,15.89,15.89
1998 05 10 12,18.77,385.28,17.76,17.76
1998 05 11 12,3.36,574.45,15.53,15.53
1998 05 12 12,0,583.26,15.86,15.86
1998 05 13 12,0.18,568.33,18.32,18.32
1998 05 14 12,0,476.45,21.12,21.12
1998 05 15 12,0.12,571.08,22.55,22.55
1998 05 16 12,0,533.36,23.02,23.02
1998 05 17 12,0.06,510.6,22.1,22.1
1998 05 18 12,0,547.75,20.9,20.9
1998 05 19 12,0,578.79,21.19,21.19
1998 05 20 12,0,543.71,21.52,21.52
1998 05 21 12,0,547.87,22.17,22.17
1998 05 22 12,0.29,567.95,22.28,22.28
1998 05 23 12,0,490.76,22.36,22.36
1998 05 24 12,0.78,441.69,22.16,22.16
1998 05 25 12,0,390.38,22.21,22.21
1998 05 26 12,0.43,537.79,22.47,22.47
1998 05 27 12,2.46,399.81,22.43,22.43
1998 05 28 12,0.84,449.06,22.22,22.22
1998 05 29 12,1.66,476.07,22.61,22.61
1998 05 30 12,0.81,481.67,22.81,22.81
1998 05 31 12,0,500.66,22.03,22.03
1998 06 01 12,7.62,514.16,22.87,22.87
1998 06 02 12,21.55,440.95,22.32,22.32
1998 06 03 12,0,543.63,24.46,24.46
1998 06 04 12,25.47,295.29,22.76,22.76
1998 06 05 12,16.19,383.8,20.53,20.53
1998 06 06 12,3.22,488.57,19.16,19.16
1998 06 07 12,0.33,576.86,13.7,13.7
1998 06 08 12,0.2,465.93,14.68,14.68
1998 06 09 12,19.35,216.47,15.82,15.82
1998 06 10 12,17.55,327.36,20.2,20.2
1998 06 11 12,0.36,462,22.8,22.8
1998 06 12 12,0.13,386.38,22.91,22.91
1998 06 13 12,0.03,542.13,23,23
1998 06 14 12,0.14,403.96,20.89,20.89
1998 06 15 12,7.42,503.28,23.48,23.48
1998 06 16 12,7.34,439.02,22.38,22.38
1998 06 17 12,0.43,564.14,20.9,20.9
1998 06 18 12,1.84,523.56,23.05,23.05
1998 06 19 12,10.31,292.1,23.22,23.22
1998 06 20 12,0.03,560.37,21.48,21.48
1998 06 21 12,5.08,407.57,23.1,23.1
1998 06 22 12,0.2,516.89,24.42,24.42
1998 06 23 12,1.26,545.57,25.54,25.54
1998 06 24 12,0.59,514.83,25.49,25.49
1998 06 25 12,1.86,519.54,26.24,26.24
1998 06 26 12,2.36,507.01,25.76,25.76
1998 06 27 12,0.61,517.82,25.88,25.88
1998 06 28 12,0.14,528.52,24.85,24.85
1998 06 29 12,1.49,472.1,24.53,24.53
1998 06 30 12,3.44,496,24.52,24.52
1998 07 01 12,0.31,491.56,23.15,23.15
1998 07 02 12,0.1,545.09,22.09,22.09
1998 07 03 12,0.1,534.49,23.3,23.3
1998 07 04 12,2.77,483.53,23.37,23.37
1998 07 05 12,5.3,519.47,22.43,22.43
1998 07 06 12,4.07,395.34,22.53,22.53
1998 07 07 12,0,476.02,22.98,22.98
1998 07 08 12,0.34,435.75,24.45,24.45
1998 07 09 12,0.05,502.59,24.48,24.48
1998 07 10 12,0.05,498.07,23.76,23.76
1998 07 11 12,0,408.45,22.73,22.73
1998 07 12 12,0,347.31,21.77,21.77
1998 07 13 12,1.37,333.22,21.43,21.43
1998 07 14 12,0.29,216.71,21.14,21.14
1998 07 15 12,0,404.28,21.87,21.87
1998 07 16 12,7.66,356.41,23.05,23.05
1998 07 17 12,9.83,457.42,23.09,23.09
1998 07 18 12,1.27,535.76,23.21,23.21
1998 07 19 12,2.46,534.24,25.07,25.07
1998 07 20 12,3.03,520.3,25.87,25.87
1998 07 21 12,7.28,542.73,25.65,25.65
1998 07 22 12,4.52,408.48,24.55,24.55
1998 07 23 12,18.38,403.14,23.13,23.13
1998 07 24 12,0.05,375.17,22.65,22.65
1998 07 25 12,1.76,315.24,22.18,22.18
1998 07 26 12,0.03,367.17,21.18,21.18
1998 07 27 12,3.57,260.09,20.99,20.99
1998 07 28 12,0.57,539.17,22.37,22.37
1998 07 29 12,0,481.27,23.84,23.84
1998 07 30 12,0.5,502.14,23.56,23.56
1998 07 31 12,1.08,365.32,23.35,23.35
1998 08 01 12,0,421.87,20.49,20.49
1998 08 02 12,0,572.43,19.72,19.72
1998 08 03 12,0,578.49,18.81,18.81
1998 08 04 12,0.04,570.86,19.79,19.79
1998 08 05 12,0.17,567.34,20.93,20.93
1998 08 06 12,0,564.36,21.15,21.15
1998 08 07 12,0,211.73,19.5,19.5
1998 08 08 12,10.61,421.44,20.65,20.65
1998 08 09 12,17.21,278.39,20.77,20.77
1998 08 10 12,3.28,479.85,21.04,21.04
1998 08 11 12,3.93,495.91,22.12,22.12
1998 08 12 12,9.96,434.96,23.19,23.19
1998 08 13 12,6.91,353.37,22.92,22.92
1998 08 14 12,2.27,372.3,21.4,21.4
1998 08 15 12,14.06,364.36,20.85,20.85
1998 08 16 12,9.14,333.05,21.22,21.22
1998 08 17 12,0.57,469.12,21.56,21.56
1998 08 18 12,0.2,518.5,22.72,22.72
1998 08 19 12,1.26,489.22,23.07,23.07
1998 08 20 12,1.32,499.46,22.44,22.44
1998 08 21 12,0.07,521.43,21.7,21.7
1998 08 22 12,0,561.82,21.9,21.9
1998 08 23 12,0,556.59,23.08,23.08
1998 08 24 12,0,563.11,22.35,22.35
1998 08 25 12,0.1,556.46,22.49,22.49
1998 08 26 12,0,538.83,23.42,23.42
1998 08 27 12,0,557.64,23.19,23.19
1998 08 28 12,0,547.64,22.85,22.85
1998 08 29 12,0.08,527.7,23.22,23.22
1998 08 30 12,0.83,513.33,23.77,23.77
1998 08 31 12,0.04,518.68,24.73,24.73
1998 09 01 12,1.22,479.07,23.47,23.47
1998 09 02 12,0.07,502.53,22.57,22.57
1998 09 03 12,0.26,325.64,20.31,20.31
1998 09 04 12,0.01,509.94,20.27,20.27
1998 09 05 12,0.21,480.09,23.08,23.08
1998 09 06 12,2.18,463.25,23.85,23.85
1998 09 07 12,0.04,498.4,23.44,23.44
1998 09 08 12,1.67,416.26,22.13,22.13
1998 09 09 12,0,529.49,14.55,14.55
1998 09 10 12,0,521.6,14.31,14.31
1998 09 11 12,0,509.2,17.08,17.08
1998 09 12 12,0,507.2,18.98,18.98
1998 09 13 12,0,498.3,21.35,21.35
1998 09 14 12,0,492.52,22.3,22.3
1998 09 15 12,0.02,481.3,21.71,21.71
1998 09 16 12,0.07,486.16,22.58,22.58
1998 09 17 12,0.11,475.72,22.29,22.29
1998 09 18 12,0.08,405.51,22.25,22.25
1998 09 19 12,0.37,391.25,21.51,21.51
1998 09 20 12,0,385.4,21.29,21.29
1998 09 21 12,25.4,213.13,19.24,19.24
1998 09 22 12,0,456.93,20.5,20.5
1998 09 23 12,0,463.26,19.37,19.37
1998 09 24 12,0.11,380.71,18.26,18.26
1998 09 25 12,0,477.43,18.44,18.44
1998 09 26 12,0,473.3,20.45,20.45
1998 09 27 12,0.05,463.32,22.35,22.35
1998 09 28 12,2.82,295.32,22.82,22.82
1998 09 29 12,27.6,274.12,21.91,21.91
1998 09 30 12,4.34,378.2,20.88,20.88
1998 10 01 12,0.04,479.43,20.76,20.76
1998 10 02 12,0,480.65,16.58,16.58
1998 10 03 12,1.25,286.5,16.15,16.15
1998 10 04 12,10.51,296.07,18.39,18.39
1998 10 05 12,28.94,335.06,18.67,18.67
1998 10 06 12,14.76,366.18,18.46,18.46
1998 10 07 12,28.88,194.34,16.21,16.21
1998 10 08 12,46.71,391.77,16.75,16.75
1998 10 09 12,0,401.09,13.31,13.31
1998 10 10 12,0.14,463.25,12.63,12.63
1998 10 11 12,0,463.24,14.32,14.32
1998 10 12 12,0.09,456.92,15.2,15.2
1998 10 13 12,0.05,402.63,15.1,15.1
1998 10 14 12,0,454.39,13.52,13.52
1998 10 15 12,0,451.44,14.64,14.64
1998 10 16 12,0.68,449.84,15.25,15.25
1998 10 17 12,0.03,437.13,14.76,14.76
1998 10 18 12,0.13,436.67,15.35,15.35
1998 10 19 12,0.48,308.43,17.44,17.44
1998 10 20 12,0.05,426.8,17.07,17.07
1998 10 21 12,0.08,229.44,12.6,12.6
1998 10 22 12,0.05,449.34,7.99,7.99
1998 10 23 12,0.02,440.4,4.62,4.62
1998 10 24 12,0.02,435.04,9.26,9.26
1998 10 25 12,0,356.87,12.28,12.28
1998 10 26 12,0,420.49,14.34,14.34
1998 10 27 12,0,417.3,15.07,15.07
1998 10 28 12,0.11,414.5,15.02,15.02
1998 10 29 12,0.29,393.85,15.82,15.82
1998 10 30 12,0,351.16,17.43,17.43
1998 10 31 12,0,404.32,16.74,16.74
1998 11 01 12,0,366.99,14.96,14.96
1998 11 02 12,4.94,183.88,15.2,15.2
1998 11 03 12,9.63,344.82,14.14,14.14
1998 11 04 12,0.15,327.73,11.64,11.64
1998 11 05 12,1,190.43,8.51,8.51
1998 11 06 12,0,358.83,4.99,4.99
1998 11 07 12,0,355.5,3.55,3.55
1998 11 08 12,2.11,125.27,5.15,5.15
1998 11 09 12,5.97,113.04,8.26,8.26
1998 11 10 12,12.81,162.37,13.04,13.04
1998 11 11 12,39.45,330.61,12.1,12.1
1998 11 12 12,0.01,352.84,7.5,7.5
1998 11 13 12,0.42,222.64,10.14,10.14
1998 11 14 12,14.1,87.15,10.51,10.51
1998 11 15 12,12.85,327.51,12.92,12.92
1998 11 16 12,21.92,103.82,10.78,10.78
1998 11 17 12,1.9,340.29,11.9,11.9
1998 11 18 12,0,340.02,9.21,9.21
1998 11 19 12,0,201.62,10.16,10.16
1998 11 20 12,1.06,109.14,11.92,11.92
1998 11 21 12,0.27,319.57,6.88,6.88
1998 11 22 12,0.08,334.95,6.48,6.48
1998 11 23 12,1.1,173.43,9.37,9.37
1998 11 24 12,0.04,308.61,13.52,13.52
1998 11 25 12,0,223.68,12.9,12.9
1998 11 26 12,1.85,329.54,11.93,11.93
1998 11 27 12,0.05,324.51,9.22,9.22
1998 11 28 12,0,320.91,11.66,11.66
1998 11 29 12,0,322.07,11.86,11.86
1998 11 30 12,0,317.69,11.63,11.63
1998 12 01 12,0.21,327.26,12.53,12.53
1998 12 02 12,0,325.59,11.01,11.01
1998 12 03 12,0,299.56,12.51,12.51
1998 12 04 12,0.11,320.94,14.13,14.13
1998 12 05 12,0.51,291.95,15.04,15.04
1998 12 06 12,0.04,313.08,16.27,16.27
1998 12 07 12,0.75,166.58,15.32,15.32
1998 12 08 12,12.11,120.74,15.23,15.23
1998 12 09 12,2.83,325.92,11.41,11.41
1998 12 10 12,0.37,270.4,6.79,6.79
1998 12 11 12,0.48,115.39,8.61,8.61
1998 12 12 12,2.12,84.98,5.38,5.38
1998 12 13 12,42.9,213.3,7.47,7.47
1998 12 14 12,0.15,260.34,6.06,6.06
1998 12 15 12,0.19,274.51,2.11,2.11
1998 12 16 12,0.26,324.78,4.6,4.6
1998 12 17 12,0.03,238.63,2.53,2.53
1998 12 18 12,2.89,323.45,0.55,0.55
1998 12 19 12,9.68,75.24,2.88,2.88
1998 12 20 12,0.21,284.02,8.83,8.83
1998 12 21 12,0.97,93.13,11.11,11.11
1998 12 22 12,10.26,214.15,10.62,10.62
1998 12 23 12,21.29,89.38,2.21,2.21
1998 12 24 12,28.18,91.44,1.3,1.3
1998 12 25 12,5.57,293.83,0.83,0.83
1998 12 26 12,0,318.67,1.27,1.27
1998 12 27 12,1.92,288.72,2.46,2.46
1998 12 28 12,5.6,91,3.11,3.11
1998 12 29 12,0.81,200.41,4.19,4.19
1998 12 30 12,0.37,331.49,-0.44,-0.44
1998 12 31 12,0.01,311.08,0.01,0.01
1999 01 01 12,0,295.9,0.51,0.51
1999 01 02 12,19.49,110.94,0.59,0.59
1999 01 03 12,26.9,319.33,0.22,0.22
1999 01 04 12,0.01,331.43,-7.62,-7.62
1999 01 05 12,0,333.82,-9.84,-9.84
1999 01 06 12,0.08,118.66,-6.05,-6.05
1999 01 07 12,1.78,267.71,1.88,1.88
1999 01 08 12,9,101.56,4.35,4.35
1999 01 09 12,9.79,219.71,6.18,6.18
1999 01 10 12,0,336.12,-4.03,-4.03
1999 01 11 12,0,327.91,-0.1,-0.1
1999 01 12 12,0,261.06,3.74,3.74
1999 01 13 12,0.04,277.66,6.48,6.48
1999 01 14 12,9.36,77.53,9.42,9.42
1999 01 15 12,20.31,338.64,5.57,5.57
1999 01 16 12,0,336.26,4.35,4.35
1999 01 17 12,1.14,173.6,4.31,4.31
1999 01 18 12,14.82,309.27,7.03,7.03
1999 01 19 12,0,339.32,5.01,5.01
1999 01 20 12,0.24,256.64,7.07,7.07
1999 01 21 12,0.31,325.71,11.77,11.77
1999 01 22 12,0.99,278.77,14.9,14.9
1999 01 23 12,54.34,167.22,14.15,14.15
1999 01 24 12,11.07,337.42,10.08,10.08
1999 01 25 12,0,349.19,6.72,6.72
1999 01 26 12,0,348.8,7.14,7.14
1999 01 27 12,0.07,355.2,8.94,8.94
1999 01 28 12,0,348.94,12.08,12.08
1999 01 29 12,0.12,199.08,12.49,12.49
1999 01 30 12,15.71,83.27,9.62,9.62
1999 01 31 12,22.61,103,2.55,2.55
1999 02 01 12,61.85,148.62,0.51,0.51
1999 02 02 12,2.07,355.78,6.1,6.1
1999 02 03 12,0.02,368.74,8.41,8.41
1999 02 04 12,1.69,376.02,8.81,8.81
1999 02 05 12,0.04,385.12,6.34,6.34
1999 02 06 12,0,236.33,7.6,7.6
1999 02 07 12,2.64,202.94,11.64,11.64
1999 02 08 12,0.41,377.23,10.96,10.96
1999 02 09 12,0.37,276.71,10.48,10.48
1999 02 10 12,15.69,358.19,13.39,13.39
1999 02 11 12,2.31,329.59,13.98,13.98
1999 02 12 12,0.39,207.69,11.5,11.5
1999 02 13 12,0,321.01,-1.9,-1.9
1999 02 14 12,0,410.43,-2.66,-2.66
1999 02 15 12,0,406.79,1.78,1.78
1999 02 16 12,0,404.52,4.4,4.4
1999 02 17 12,24.27,166.03,8.02,8.02
1999 02 18 12,20.76,363.31,9.3,9.3
1999 02 19 12,14.94,213.69,6.02,6.02
1999 02 20 12,0.15,404.5,4.03,4.03
1999 02 21 12,0,265.83,1.83,1.83
1999 02 22 12,0,441.41,-3.66,-3.66
1999 02 23 12,0.08,149.57,-2.21,-2.21
1999 02 24 12,0.9,398.35,-0.92,-0.92
1999 02 25 12,0,286.07,1.78,1.78
1999 02 26 12,0.33,436.97,4.7,4.7
1999 02 27 12,3.77,130.7,6.75,6.75
1999 02 28 12,20.01,347.01,9.34,9.34
1999 03 01 12,1.8,453.99,4.14,4.14
1999 03 02 12,0.13,450.56,6.11,6.11
1999 03 03 12,21.37,139.09,5.48,5.48
1999 03 04 12,0.86,468.51,-1.38,-1.38
1999 03 05 12,0,440.91,3.42,3.42
1999 03 06 12,3.47,363.37,6.52,6.52
1999 03 07 12,0.04,481.47,3.58,3.58
1999 03 08 12,0.04,347.75,0.38,0.38
1999 03 09 12,9.14,242.36,0.35,0.35
1999 03 10 12,2.01,458.68,2.02,2.02
1999 03 11 12,1.03,294.88,0.76,0.76
1999 03 12 12,0.81,493.64,1.89,1.89
1999 03 13 12,0.32,166.3,2.28,2.28
1999 03 14 12,25,227.95,3.52,3.52
1999 03 15 12,2.65,433.51,4.01,4.01
1999 03 16 12,0,490.36,5.62,5.62
1999 03 17 12,0,490.95,9.25,9.25
1999 03 18 12,0,480.86,10.46,10.46
1999 03 19 12,0,320.11,8.03,8.03
1999 03 20 12,0,466.7,9.12,9.12
1999 03 21 12,14.25,258.85,9.42,9.42
1999 03 22 12,0.14,512.88,4.6,4.6
1999 03 23 12,0.04,455.31,7.75,7.75
1999 03 24 12,1.8,418.38,11.5,11.5
1999 03 25 12,1.65,321,10.3,10.3
1999 03 26 12,14.76,203.73,5.11,5.11
1999 03 27 12,7,378.57,3.75,3.75
1999 03 28 12,2.61,501.96,7.21,7.21
1999 03 29 12,1.91,167.09,8.39,8.39
1999 03 30 12,0.25,490.63,8.39,8.39
1999 03 31 12,17.67,150.26,8.71,8.71
1999 04 01 12,61.44,345.59,12.72,12.72
1999 04 02 12,0,425.5,15.85,15.85
1999 04 03 12,0.03,482.65,17.68,17.68
1999 04 04 12,0.02,447.98,19.01,19.01
1999 04 05 12,0.01,517.01,17.75,17.75
1999 04 06 12,1.3,305.34,14.91,14.91
1999 04 07 12,0.29,444.96,16.88,16.88
1999 04 08 12,3.37,356.77,17.98,17.98
1999 04 09 12,0.38,470.75,19.11,19.11
1999 04 10 12,0,511.95,16.58,16.58
1999 04 11 12,0,446.82,18.59,18.59
1999 04 12 12,0,543.31,10.31,10.31
1999 04 13 12,0,502.65,7.61,7.61
1999 04 14 12,0.51,248.66,9.04,9.04
1999 04 15 12,9.33,303.64,11.74,11.74
1999 04 16 12,0.05,549.85,8.09,8.09
1999 04 17 12,0,446.55,5.41,5.41
1999 04 18 12,0,416.42,5.48,5.48
1999 04 19 12,0,538.74,8.25,8.25
1999 04 20 12,4.94,511.99,12.75,12.75
1999 04 21 12,0.07,532.62,15.42,15.42
1999 04 22 12,0,514.76,16.92,16.92
1999 04 23 12,0,468.39,17.46,17.46
1999 04 24 12,0.03,494.72,18.42,18.42
1999 04 25 12,1.25,332.48,13.29,13.29
1999 04 26 12,4.36,293.76,12.88,12.88
1999 04 27 12,9.97,364.25,17.25,17.25
1999 04 28 12,4.91,428.6,16.1,16.1
1999 04 29 12,10.57,182.28,8.94,8.94
1999 04 30 12,14.94,254.45,6.41,6.41
1999 05 01 12,0,575.03,7.97,7.97
1999 05 02 12,0.25,596.76,10.7,10.7
1999 05 03 12,0,578.2,12.84,12.84
1999 05 04 12,0,398.19,16.12,16.12
1999 05 05 12,11.13,291.82,15.42,15.42
1999 05 06 12,48.95,307.36,16.5,16.5
1999 05 07 12,13.9,402.1,16.64,16.64
1999 05 08 12,13.28,578.67,15.99,15.99
1999 05 09 12,0,570.47,16.04,16.04
1999 05 10 12,0,564.28,18.42,18.42
1999 05 11 12,0.01,524.29,18.2,18.2
1999 05 12 12,1.11,439.67,17.33,17.33
1999 05 13 12,2.49,411.74,16.22,16.22
1999 05 14 12,5.06,410.88,15.94,15.94
1999 05 15 12,1.71,478.88,12.99,12.99
1999 05 16 12,0.37,563.35,14.12,14.12
1999 05 17 12,0,566.74,16.27,16.27
1999 05 18 12,3.26,369.57,17.1,17.1
1999 05 19 12,8.21,586.18,16.73,16.73
1999 05 20 12,0,571.04,14.76,14.76
1999 05 21 12,0,573.54,17.62,17.62
1999 05 22 12,1.32,477.08,18.99,18.99
1999 05 23 12,1.38,554.68,19.27,19.27
1999 05 24 12,1.58,590.34,18.38,18.38
1999 05 25 12,0,459.65,14.65,14.65
1999 05 26 12,4.22,314.17,15.47,15.47
1999 05 27 12,0.07,579.33,14.84,14.84
1999 05 28 12,0,552.48,16.34,16.34
1999 05 29 12,0,456.76,18.87,18.87
1999 05 30 12,0,491.91,19.97,19.97
1999 05 31 12,0,490.16,18.81,18.81
1999 06 01 12,0,310.05,18.69,18.69
1999 06 02 12,0.89,408.69,20.14,20.14
1999 06 03 12,13,425.41,20.85,20.85
1999 06 04 12,0.11,494.08,21.3,21.3
1999 06 05 12,0.36,449.05,20.92,20.92
1999 06 06 12,0.29,516.88,20.78,20.78
1999 06 07 12,0.11,558.42,21.34,21.34
1999 06 08 12,0.9,549.7,22.77,22.77
1999 06 09 12,2.42,509.17,24.03,24.03
1999 06 10 12,8.45,462.45,23.49,23.49
1999 06 11 12,0.32,414.12,21.39,21.39
1999 06 12 12,0.55,476.08,20.53,20.53
1999 06 13 12,0.01,510.1,20.8,20.8
1999 06 14 12,0.87,329.15,20.46,20.46
1999 06 15 12,14.93,363.89,20.33,20.33
1999 06 16 12,45.58,318.75,18.66,18.66
1999 06 17 12,1.36,520.47,18.28,18.28
1999 06 18 12,0.15,497.25,17.14,17.14
1999 06 19 12,0,560.86,17.05,17.05
1999 06 20 12,0,493.37,16.97,16.97
1999 06 21 12,0,553.12,17.27,17.27
1999 06 22 12,2.06,384.6,19.89,19.89
1999 06 23 12,0.4,417.36,20.19,20.19
1999 06 24 12,20.8,269.45,18.91,18.91
1999 06 25 12,27.43,263.36,19.07,19.07
1999 06 26 12,7.72,333.12,20.49,20.49
1999 06 27 12,9.46,272.27,19.82,19.82
1999 06 28 12,7.25,325.95,20.51,20.51
1999 06 29 12,16.51,354.31,21.9,21.9
1999 06 30 12,0.07,518.8,22.13,22.13
1999 07 01 12,0.66,456.34,22.46,22.46
1999 07 02 12,6.21,408.92,22.54,22.54
1999 07 03 12,4.23,398.95,22.5,22.5
1999 07 04 12,0.86,502.17,23.2,23.2
1999 07 05 12,3.18,464.6,24.22,24.22
1999 07 06 12,1.44,508.1,25.04,25.04
1999 07 07 12,5.67,415.62,24.05,24.05
1999 07 08 12,8.97,513.47,23.45,23.45
1999 07 09 12,0.12,517.68,23.81,23.81
1999 07 10 12,7.24,342.33,21.33,21.33
1999 07 11 12,20.63,326.49,20.26,20.26
1999 07 12 12,15.13,161.19,18.17,18.17
1999 07 13 12,0.14,347.41,17.21,17.21
1999 07 14 12,2.76,490.49,18.56,18.56
1999 07 15 12,0,418.66,21.69,21.69
1999 07 16 12,0.04,408.43,22.2,22.2
1999 07 17 12,1.33,441.62,22.48,22.48
1999 07 18 12,1.53,495.5,22.58,22.58
1999 07 19 12,0.14,476.47,23.47,23.47
1999 07 20 12,1.08,524.21,24.14,24.14
1999 07 21 12,0.29,533.29,24.3,24.3
1999 07 22 12,7.81,465.33,24.79,24.79
1999 07 23 12,0.04,518.03,25.65,25.65
1999 07 24 12,7.68,439.56,26.84,26.84
1999 07 25 12,0.09,567.83,24.8,24.8
1999 07 26 12,0.03,571.58,24.51,24.51
1999 07 27 12,1.8,516.25,24.43,24.43
1999 07 28 12,0.25,523.19,25.46,25.46
1999 07 29 12,0.85,473.54,24.93,24.93
1999 07 30 12,0.01,568.49,26.1,26.1
1999 07 31 12,0,564.08,27.12,27.12
1999 08 01 12,0,519.93,26.66,26.66
1999 08 02 12,0.28,469.77,25.18,25.18
1999 08 03 12,0,534.46,22.56,22.56
1999 08 04 12,0,541.74,22.39,22.39
1999 08 05 12,0,566.75,23.23,23.23
1999 08 06 12,0,541.39,23.13,23.13
1999 08 07 12,0,568.19,24.21,24.21
1999 08 08 12,2.96,504.48,23.84,23.84
1999 08 09 12,0.88,545.91,23.49,23.49
1999 08 10 12,0.03,559.04,23.62,23.62
1999 08 11 12,0,549.68,24.47,24.47
1999 08 12 12,0.09,519.98,24.86,24.86
1999 08 13 12,1.25,516.47,26.56,26.56
1999 08 14 12,7.81,521.12,25.84,25.84
1999 08 15 12,0.06,534.66,23.05,23.05
1999 08 16 12,0.03,476.09,24.58,24.58
1999 08 17 12,0,545.29,25.04,25.04
1999 08 18 12,0,556.91,24.43,24.43
1999 08 19 12,0.37,433.18,23.46,23.46
1999 08 20 12,3.32,477.14,24.26,24.26
1999 08 21 12,0.03,556.27,23.43,23.43
1999 08 22 12,0,560.56,21.72,21.72
1999 08 23 12,6.38,300.31,21.47,21.47
1999 08 24 12,35.46,330,20.11,20.11
1999 08 25 12,8.19,358.17,20.12,20.12
1999 08 26 12,1.3,468.51,22.25,22.25
1999 08 27 12,0.02,536.23,22.01,22.01
1999 08 28 12,0.78,459.44,21.96,21.96
1999 08 29 12,0.77,542.13,23.41,23.41
1999 08 30 12,0.11,556.56,21.21,21.21
1999 08 31 12,0.11,558.8,17.83,17.83
1999 09 01 12,0,521.7,19.2,19.2
1999 09 02 12,0,525.3,20.83,20.83
1999 09 03 12,0,479.01,21.64,21.64
1999 09 04 12,0,504.46,21.77,21.77
1999 09 05 12,0,501.78,21.53,21.53
1999 09 06 12,0,491.16,22.11,22.11
1999 09 07 12,0,500.15,23.07,23.07
1999 09 08 12,0.13,492.24,23.11,23.11
1999 09 09 12,0.59,405.31,22.29,22.29
1999 09 10 12,0.05,519.56,19.08,19.08
1999 09 11 12,0,506.91,17.56,17.56
1999 09 12 12,0,455.25,18.97,18.97
1999 09 13 12,0,498.79,18.53,18.53
1999 09 14 12,0,485.78,19.75,19.75
1999 09 15 12,0,494.74,19.68,19.68
1999 09 16 12,0,512.63,16.56,16.56
1999 09 17 12,0,512.5,13.32,13.32
1999 09 18 12,0,488.32,15.68,15.68
1999 09 19 12,0.07,379.72,17.41,17.41
1999 09 20 12,0.13,382.76,17.74,17.74
1999 09 21 12,5.96,302.51,16.71,16.71
1999 09 22 12,0.04,506.81,12.67,12.67
1999 09 23 12,0,501.9,12.22,12.22
1999 09 24 12,0,488.32,14.71,14.71
1999 09 25 12,0,492.78,16.84,16.84
1999 09 26 12,0,449.09,18.23,18.23
1999 09 27 12,8,162.99,17.34,17.34
1999 09 28 12,51.99,178.8,14.38,14.38
1999 09 29 12,21.24,250.98,17.24,17.24
1999 09 30 12,5.18,489.81,12.55,12.55
1999 10 01 12,0.02,494.23,12.65,12.65
1999 10 02 12,0,491.47,14.29,14.29
1999 10 03 12,0,301.54,17.16,17.16
1999 10 04 12,43.54,233.52,17.69,17.69
1999 10 05 12,0.11,468.98,15.04,15.04
1999 10 06 12,0,457.02,14.95,14.95
1999 10 07 12,0,443.06,14.56,14.56
1999 10 08 12,0.02,267.59,13.47,13.47
1999 10 09 12,9.27,111.13,15.78,15.78
1999 10 10 12,84.36,221.2,18.07,18.07
1999 10 11 12,5.74,445.86,17.78,17.78
1999 10 12 12,0.88,365.93,16.41,16.41
1999 10 13 12,2.18,314.56,14.47,14.47
1999 10 14 12,2.57,454.25,15.93,15.93
1999 10 15 12,0.53,376.18,14.66,14.66
1999 10 16 12,0,442.35,15.22,15.22
1999 10 17 12,0,439.1,16.74,16.74
1999 10 18 12,0.08,435.46,14.78,14.78
1999 10 19 12,0.04,194.11,12.95,12.95
1999 10 20 12,25.32,163.32,11.02,11.02
1999 10 21 12,0.12,443.89,9.14,9.14
1999 10 22 12,0,433.38,10.27,10.27
1999 10 23 12,0.02,436.58,5.94,5.94
1999 10 24 12,0.01,441.66,2.58,2.58
1999 10 25 12,0,433.66,5.49,5.49
1999 10 26 12,0,429.64,7.86,7.86
1999 10 27 12,0,423.16,10.91,10.91
1999 10 28 12,0,418.5,13,13
1999 10 29 12,0,412.19,12.61,12.61
1999 10 30 12,0.09,336.93,13.18,13.18
1999 10 31 12,0.53,368.16,15.91,15.91
1999 11 01 12,18.84,245.49,15.67,15.67
1999 11 02 12,43.93,159.6,12.5,12.5
1999 11 03 12,0.67,387.64,2.25,2.25
1999 11 04 12,0,380.52,4.55,4.55
1999 11 05 12,0,373.74,7.54,7.54
1999 11 06 12,0,365.64,10.53,10.53
1999 11 07 12,0,359.01,12.49,12.49
1999 11 08 12,0,316.79,13.11,13.11
1999 11 09 12,0,343.77,14.92,14.92
1999 11 10 12,0,331.66,14.11,14.11
1999 11 11 12,0.32,278.54,14.65,14.65
1999 11 12 12,0.24,313.21,12.33,12.33
1999 11 13 12,0,348.42,11.99,11.99
1999 11 14 12,0,344.6,13.51,13.51
1999 11 15 12,0,358.81,9.8,9.8
1999 11 16 12,0,352.71,4.88,4.88
1999 11 17 12,0,353.55,3.58,3.58
1999 11 18 12,0,344.69,5.17,5.17
1999 11 19 12,0,331.29,8.29,8.29
1999 11 20 12,4.58,196.65,12.27,12.27
1999 11 21 12,6.06,282.27,13.19,13.19
1999 11 22 12,1.21,273.18,14.04,14.04
1999 11 23 12,0.59,275.17,14.32,14.32
1999 11 24 12,3.38,133.07,13.44,13.44
1999 11 25 12,42.09,97.7,12.6,12.6
1999 11 26 12,43.97,151.27,9.38,9.38
1999 11 27 12,0,325.8,7.23,7.23
1999 11 28 12,0,304.89,9.7,9.7
1999 11 29 12,0,324.06,9.19,9.19
1999 11 30 12,0,337.15,0.85,0.85
1999 12 01 12,0,344.09,-1.16,-1.16
1999 12 02 12,0,331.91,3.34,3.34
1999 12 03 12,0,327.32,5.68,5.68
1999 12 04 12,0,320.5,9.18,9.18
1999 12 05 12,0.14,152.75,8.77,8.77
1999 12 06 12,16.63,315.03,8.56,8.56
1999 12 07 12,0.03,336.39,3.38,3.38
1999 12 08 12,0.07,334.15,5,5
1999 12 09 12,0.11,151.85,7.05,7.05
1999 12 10 12,16.41,251.69,10.11,10.11
1999 12 11 12,0.05,324.24,7.55,7.55
1999 12 12 12,0.02,240.68,7.21,7.21
1999 12 13 12,24.95,142.76,10.85,10.85
1999 12 14 12,36.01,316.96,9.36,9.36
1999 12 15 12,0.15,297.52,4.85,4.85
1999 12 16 12,0,327.12,1.94,1.94
1999 12 17 12,0,324.53,2.8,2.8
1999 12 18 12,0,207.96,4.68,4.68
1999 12 19 12,0.02,109.13,6.06,6.06
1999 12 20 12,2.71,243.83,6.86,6.86
1999 12 21 12,10.11,84.29,6.4,6.4
1999 12 22 12,0.58,322.59,6.04,6.04
1999 12 23 12,0.34,322.46,2.3,2.3
1999 12 24 12,0,178.49,-1.23,-1.23
1999 12 25 12,0,327.37,-4.51,-4.51
1999 12 26 12,0,323.24,-1.31,-1.31
1999 12 27 12,0,319.91,-0.87,-0.87
1999 12 28 12,0,296.79,-1.69,-1.69
1999 12 29 12,0,324.62,-0.57,-0.57
1999 12 30 12,0,306,3.63,3.63
1999 12 31 12,0,313.29,7.97,7.97
2000 01 01 12,0,186.86,9.38,9.38
2000 01 02 12,0,296.58,11.6,11.6
2000 01 03 12,0.48,207.44,12.97,12.97
2000 01 04 12,18.44,128.49,12.09,12.09
2000 01 05 12,0,329.04,1.19,1.19
2000 01 06 12,0,315.6,0.3,0.3
2000 01 07 12,0,317.37,3.41,3.41
2000 01 08 12,0.08,231.06,4.07,4.07
2000 01 09 12,14.58,103.94,6.98,6.98
2000 01 10 12,42.54,310.87,10.45,10.45
2000 01 11 12,0,330.09,7.38,7.38
2000 01 12 12,0,321.99,7.96,7.96
2000 01 13 12,1.54,323.29,9.76,9.76
2000 01 14 12,0.17,342.18,-1.26,-1.26
2000 01 15 12,0,333.65,0.13,0.13
2000 01 16 12,1.13,159.7,3.07,3.07
2000 01 17 12,0.45,236.57,5.31,5.31
2000 01 18 12,10.59,248.37,4.1,4.1
2000 01 19 12,1.25,217.96,2.72,2.72
2000 01 20 12,7.36,318.68,0.75,0.75
2000 01 21 12,0,359.78,-5.76,-5.76
2000 01 22 12,1.38,111.71,-4.27,-4.27
2000 01 23 12,12.02,204.87,-1.05,-1.05
2000 01 24 12,4.12,233.91,0.16,0.16
2000 01 25 12,0.22,294.51,-3.3,-3.3
2000 01 26 12,0.01,365.75,-6.66,-6.66
2000 01 27 12,0.02,373.53,-6.32,-6.32
2000 01 28 12,0,300.99,-2.6,-2.6
2000 01 29 12,3.25,97.48,-1.67,-1.67
2000 01 30 12,13.47,154.57,-2,-2
2000 01 31 12,0.39,370.45,-4.96,-4.96
2000 02 01 12,0,372.89,-3.46,-3.46
2000 02 02 12,0.48,379.07,-2.35,-2.35
2000 02 03 12,0,380.67,0.1,0.1
2000 02 04 12,0,312.78,0.83,0.83
2000 02 05 12,0.03,385.51,-2.44,-2.44
2000 02 06 12,0,372.93,0.04,0.04
2000 02 07 12,0,347.39,2.02,2.02
2000 02 08 12,0,359.4,3.93,3.93
2000 02 09 12,0,386.33,3.7,3.7
2000 02 10 12,0,337.73,6.65,6.65
2000 02 11 12,0,375.9,9.85,9.85
2000 02 12 12,18.3,276.41,10.67,10.67
2000 02 13 12,1.64,212.6,6.9,6.9
2000 02 14 12,32.24,308.15,10.99,10.99
2000 02 15 12,0.01,401.78,5.81,5.81
2000 02 16 12,0,372.73,9.17,9.17
2000 02 17 12,0.07,252.54,7.74,7.74
2000 02 18 12,5.34,237.01,6.91,6.91
2000 02 19 12,5.5,354.13,11.9,11.9
2000 02 20 12,0,426.54,3,3
2000 02 21 12,0,427.57,2.7,2.7
2000 02 22 12,0.02,206.44,4.4,4.4
2000 02 23 12,0,359,7.87,7.87
2000 02 24 12,0,351.37,10.34,10.34
2000 02 25 12,0,415.24,13.29,13.29
2000 02 26 12,0,338.62,13.29,13.29
2000 02 27 12,13.71,193.76,12.18,12.18
2000 02 28 12,0.04,443.63,7.86,7.86
2000 02 29 12,0.02,434.88,9.1,9.1
2000 03 01 12,0,428.15,10.33,10.33
2000 03 02 12,0,463.75,9.51,9.51
2000 03 03 12,0.71,373.11,7.62,7.62
2000 03 04 12,3.29,313.26,8.61,8.61
2000 03 05 12,0,466.23,7.85,7.85
2000 03 06 12,0,465.79,10.73,10.73
2000 03 07 12,0,459.24,13.05,13.05
2000 03 08 12,0,410.7,14.05,14.05
2000 03 09 12,0.06,430.38,14.81,14.81
2000 03 10 12,0.19,317.42,15.29,15.29
2000 03 11 12,39.35,201.01,13.92,13.92
2000 03 12 12,1.98,490.86,4.52,4.52
2000 03 13 12,0.04,489.32,2.49,2.49
2000 03 14 12,0,445.29,5.7,5.7
2000 03 15 12,0.23,303.34,8.34,8.34
2000 03 16 12,33.58,188.83,11.08,11.08
2000 03 17 12,4.54,487.5,11.91,11.91
2000 03 18 12,0.45,384.35,4.12,4.12
2000 03 19 12,1.05,153.7,3.36,3.36
2000 03 20 12,47.18,420.83,8.77,8.77
2000 03 21 12,0.27,495.96,10.02,10.02
2000 03 22 12,0,497.63,10.65,10.65
2000 03 23 12,0,452.53,9.69,9.69
2000 03 24 12,0.06,468.86,11.2,11.2
2000 03 25 12,0.19,454.15,13.33,13.33
2000 03 26 12,0.03,508.44,15.16,15.16
2000 03 27 12,4.59,320.27,12.11,12.11
2000 03 28 12,0.22,475.39,7.99,7.99
2000 03 29 12,0.44,337.25,6.42,6.42
2000 03 30 12,0.67,312.18,10.59,10.59
2000 03 31 12,0.06,369.94,12.51,12.51
2000 04 01 12,0,336.95,12.39,12.39
2000 04 02 12,32.44,194.04,11.87,11.87
2000 04 03 12,58.71,250.81,15.12,15.12
2000 04 04 12,24.91,305.09,10.18,10.18
2000 04 05 12,0.18,540.11,3.43,3.43
2000 04 06 12,0.07,527.78,9.96,9.96
2000 04 07 12,0.08,522.85,13.8,13.8
2000 04 08 12,1.42,203.71,10.45,10.45
2000 04 09 12,0.33,551.11,2.43,2.43
2000 04 10 12,0,519.7,7.82,7.82
2000 04 11 12,0.34,357.6,11.83,11.83
2000 04 12 12,0.36,307.56,12.65,12.65
2000 04 13 12,12.65,201.2,9.71,9.71
2000 04 14 12,5.4,189.12,7.55,7.55
2000 04 15 12,10,215.38,10.75,10.75
2000 04 16 12,2.74,529.78,14.13,14.13
2000 04 17 12,0.54,308.2,14.93,14.93
2000 04 18 12,0.14,470.17,10.56,10.56
2000 04 19 12,0,539.66,12,12
2000 04 20 12,0.02,470.34,15.85,15.85
2000 04 21 12,0.77,427.27,13.64,13.64
2000 04 22 12,0.03,514.59,7.28,7.28
2000 04 23 12,0.19,366.88,9.46,9.46
2000 04 24 12,10.46,165.01,10.23,10.23
2000 04 25 12,11.45,261.24,10.34,10.34
2000 04 26 12,0.52,421.87,9.55,9.55
2000 04 27 12,0.09,527.16,10.48,10.48
2000 04 28 12,12.18,286.56,9.07,9.07
2000 04 29 12,1.04,474.88,10.49,10.49
2000 04 30 12,0.13,553.81,12.1,12.1
2000 05 01 12,0,583.67,14.65,14.65
2000 05 02 12,0.63,411.5,16.83,16.83
2000 05 03 12,0.15,427.17,17.41,17.41
2000 05 04 12,19,400.11,17.05,17.05
2000 05 05 12,0.01,563.18,17.98,17.98
2000 05 06 12,0,561.11,19.03,19.03
2000 05 07 12,0,571.35,19.59,19.59
2000 05 08 12,0,556.07,19.59,19.59
2000 05 09 12,0,532,19.63,19.63
2000 05 10 12,0.65,531.11,18.9,18.9
2000 05 11 12,0.01,579.31,18.91,18.91
2000 05 12 12,0,571.36,21.8,21.8
2000 05 13 12,0,523.93,21.25,21.25
2000 05 14 12,0,597.14,16.64,16.64
2000 05 15 12,0,582.53,12.85,12.85
2000 05 16 12,0,580.74,14.54,14.54
2000 05 17 12,0,399.86,17.06,17.06
2000 05 18 12,0,567.63,20.12,20.12
2000 05 19 12,0.7,547.8,20.46,20.46
2000 05 20 12,1.42,476.59,20.41,20.41
2000 05 21 12,10.04,407.06,20.02,20.02
2000 05 22 12,1.61,565.07,18.16,18.16
2000 05 23 12,2.4,418.32,17.86,17.86
2000 05 24 12,9.95,507.96,21.67,21.67
2000 05 25 12,8.7,495.64,22.48,22.48
2000 05 26 12,0.34,497.64,20.58,20.58
2000 05 27 12,0.28,503.13,23.17,23.17
2000 05 28 12,2.54,401.9,21.27,21.27
2000 05 29 12,0.58,517.76,16.87,16.87
2000 05 30 12,0.12,502.02,15.27,15.27
2000 05 31 12,0.03,569.01,17.34,17.34
2000 06 01 12,0,555.65,20.84,20.84
2000 06 02 12,0,556.16,22.74,22.74
2000 06 03 12,0.1,472.49,22.64,22.64
2000 06 04 12,0.43,382.76,21.82,21.82
2000 06 05 12,7.13,317.55,19.17,19.17
2000 06 06 12,0.3,570.43,16.47,16.47
2000 06 07 12,0,576.21,13.83,13.83
2000 06 08 12,0,567.46,15.98,15.98
2000 06 09 12,0,564.12,19.63,19.63
2000 06 10 12,0,560.46,21.08,21.08
2000 06 11 12,0,557.44,22.38,22.38
2000 06 12 12,0.21,557.52,23.42,23.42
2000 06 13 12,2.34,326.4,23.62,23.62
2000 06 14 12,0.84,505.14,23.79,23.79
2000 06 15 12,4.7,441.35,23.26,23.26
2000 06 16 12,7.47,351.58,21.61,21.61
2000 06 17 12,11.34,351.97,21.94,21.94
2000 06 18 12,4.21,337.8,21.98,21.98
2000 06 19 12,7.26,382.86,22.08,22.08
2000 06 20 12,4.95,435.04,22.44,22.44
2000 06 21 12,5.11,430.67,22.84,22.84
2000 06 22 12,4.86,389.25,21.91,21.91
2000 06 23 12,0.01,563.93,21.53,21.53
2000 06 24 12,0,558.27,23.14,23.14
2000 06 25 12,5.01,423.12,23,23
2000 06 26 12,0.93,407.56,23.19,23.19
2000 06 27 12,1.04,389.44,22.53,22.53
2000 06 28 12,2.55,346.64,21.81,21.81
2000 06 29 12,15.34,213.89,19.42,19.42
2000 06 30 12,0.06,533.19,19.4,19.4
2000 07 01 12,0.34,557.39,19.97,19.97
2000 07 02 12,0,552.03,21.62,21.62
2000 07 03 12,0.26,556.94,22.92,22.92
2000 07 04 12,0.08,514.72,23.5,23.5
2000 07 05 12,0.46,479.45,23.47,23.47
2000 07 06 12,0.7,507.87,23.44,23.44
2000 07 07 12,0.06,488.36,23.84,23.84
2000 07 08 12,0.31,461.42,23.02,23.02
2000 07 09 12,0,484.21,23.72,23.72
2000 07 10 12,0.05,521.12,24.47,24.47
2000 07 11 12,0.16,437.7,24.77,24.77
2000 07 12 12,10.43,360,24.69,24.69
2000 07 13 12,6.08,380.26,22.47,22.47
2000 07 14 12,0.47,442.98,22.49,22.49
2000 07 15 12,0.4,574.34,23.01,23.01
2000 07 16 12,0,573.29,21.99,21.99
2000 07 17 12,0,577.21,21.55,21.55
2000 07 18 12,0,549.46,23.15,23.15
2000 07 19 12,1.64,425.88,24.05,24.05
2000 07 20 12,0.18,575.58,23.53,23.53
2000 07 21 12,0,566.38,23.24,23.24
2000 07 22 12,0.28,492.65,21.92,21.92
2000 07 23 12,0.57,393.92,21.49,21.49
2000 07 24 12,17.53,372.46,18.57,18.57
2000 07 25 12,5.17,372.71,16.48,16.48
2000 07 26 12,5.8,407.42,18.93,18.93
2000 07 27 12,2.07,450.3,21.89,21.89
2000 07 28 12,1.24,484.45,23.24,23.24
2000 07 29 12,3.68,383.23,22.71,22.71
2000 07 30 12,13,314,21.83,21.83
2000 07 31 12,25.25,295.74,21.89,21.89
2000 08 01 12,7.83,380.92,21.91,21.91
2000 08 02 12,7.39,280.28,20.91,20.91
2000 08 03 12,17.25,446.04,21.45,21.45
2000 08 04 12,4.65,435.18,22.01,22.01
2000 08 05 12,0.33,563.59,21.68,21.68
2000 08 06 12,0.05,504.24,24.4,24.4
2000 08 07 12,0.71,488.55,25.49,25.49
2000 08 08 12,3.99,446.26,25.1,25.1
2000 08 09 12,1.92,544.62,25.55,25.55
2000 08 10 12,1.72,474.42,25.8,25.8
2000 08 11 12,0.45,511.24,23.98,23.98
2000 08 12 12,0,574.42,20.56,20.56
2000 08 13 12,0,555.37,18.54,18.54
2000 08 14 12,0,564.43,20.53,20.53
2000 08 15 12,0,565.07,21.93,21.93
2000 08 16 12,0,556.69,23.77,23.77
2000 08 17 12,0,541.94,24.83,24.83
2000 08 18 12,0.29,500.03,26.52,26.52
2000 08 19 12,0.13,540.09,23.06,23.06
2000 08 20 12,1.53,338.56,22.03,22.03
2000 08 21 12,14.49,244.55,17.48,17.48
2000 08 22 12,0,437.56,18.12,18.12
2000 08 23 12,0.81,535.19,20.19,20.19
2000 08 24 12,0.14,478.42,23.19,23.19
2000 08 25 12,0.3,481.07,23.12,23.12
2000 08 26 12,0.09,532.78,22.37,22.37
2000 08 27 12,1.54,352.52,21.61,21.61
2000 08 28 12,0,529.7,21.28,21.28
2000 08 29 12,0,500.14,22.16,22.16
2000 08 30 12,0,467.6,21.12,21.12
2000 08 31 12,6.36,339.3,18.82,18.82
2000 09 01 12,5.34,295.51,18.55,18.55
2000 09 02 12,15.32,338.98,19.98,19.98
2000 09 03 12,12.41,332.95,20.89,20.89
2000 09 04 12,1.87,420.04,22.14,22.14
2000 09 05 12,0.89,426.36,20.66,20.66
2000 09 06 12,1.28,199.99,15.21,15.21
2000 09 07 12,3.46,163,15.4,15.4
2000 09 08 12,0.81,229.51,18.03,18.03
2000 09 09 12,0.01,323.78,19.99,19.99
2000 09 10 12,0.07,432.09,21.12,21.12
2000 09 11 12,0,388.96,21.76,21.76
2000 09 12 12,0,482.75,22.04,22.04
2000 09 13 12,2.27,467.55,21.99,21.99
2000 09 14 12,3.69,421.12,22.87,22.87
2000 09 15 12,0,491.59,20.76,20.76
2000 09 16 12,0,510.44,12.42,12.42
2000 09 17 12,0,507.47,12.4,12.4
2000 09 18 12,4.36,274.28,13.28,13.28
2000 09 19 12,0.38,493.28,16.72,16.72
2000 09 20 12,0.01,309.11,18.77,18.77
2000 09 21 12,44.46,277.31,20.65,20.65
2000 09 22 12,5.69,283.52,19.59,19.59
2000 09 23 12,9.43,405.48,18.89,18.89
2000 09 24 12,1,319.68,21.54,21.54
2000 09 25 12,21.5,213.2,20.81,20.81
2000 09 26 12,0,488.75,12.38,12.38
2000 09 27 12,0,489.03,11.23,11.23
2000 09 28 12,0,478.6,13.83,13.83
2000 09 29 12,0,481.95,12.98,12.98
2000 09 30 12,0,467.41,14.4,14.4
2004 10 01 12,0.03,441.62,18.25,18.25
2004 10 02 12,0.05,436.37,19.29,19.29
2004 10 03 12,1.7,444.99,18.41,18.41
2004 10 04 12,0.17,479.54,16.48,16.48
2004 10 05 12,0,472.11,15.77,15.77
2004 10 06 12,0,466.1,15.56,15.56
2004 10 07 12,0,387.66,16.7,16.7
2004 10 08 12,0.02,460.39,13.5,13.5
2004 10 09 12,0.01,318.32,16.36,16.36
2004 10 10 12,0,387.91,17.49,17.49
2004 10 11 12,0,217.81,16.79,16.79
2004 10 12 12,6.08,300.46,15.98,15.98
2004 10 13 12,2.09,254.2,14.44,14.44
2004 10 14 12,0,413.22,12.48,12.48
2004 10 15 12,1.17,406.43,9.34,9.34
2004 10 16 12,0,429.67,8.9,8.9
2004 10 17 12,0.04,434.88,9.71,9.71
2004 10 18 12,0.09,284.96,15.26,15.26
2004 10 19 12,17.46,243.86,16.81,16.81
2004 10 20 12,0.35,427.01,17.56,17.56
2004 10 21 12,0,420.29,16.83,16.83
2004 10 22 12,0.85,412.6,15.13,15.13
2004 10 23 12,3.22,283.23,13.13,13.13
2004 10 24 12,1.96,408.53,14.63,14.63
2004 10 25 12,0,418.69,15.59,15.59
2004 10 26 12,0,400.19,15.69,15.69
2004 10 27 12,0.08,323.75,17.66,17.66
2004 10 28 12,2.57,319.15,17.51,17.51
2004 10 29 12,3.17,319.4,16.94,16.94
2004 10 30 12,0.12,359.9,18.94,18.94
2004 10 31 12,0.8,337.19,18.26,18.26
2004 11 01 12,0,362.68,18.68,18.68
2004 11 02 12,7.36,278.83,19,19
2004 11 03 12,37.1,185.08,18.18,18.18
2004 11 04 12,39.03,228.47,16.93,16.93
2004 11 05 12,0.11,376.38,8.9,8.9
2004 11 06 12,0,366.24,7.19,7.19
2004 11 07 12,0,358.2,10.12,10.12
2004 11 08 12,0,360.47,11.19,11.19
2004 11 09 12,0,359.25,6.4,6.4
2004 11 10 12,0,352.06,4.96,4.96
2004 11 11 12,13.25,125.26,7.32,7.32
2004 11 12 12,44.18,192.64,11.82,11.82
2004 11 13 12,0.57,305.83,10.41,10.41
2004 11 14 12,0,361.5,5.36,5.36
2004 11 15 12,0,360.74,4.28,4.28
2004 11 16 12,0,149.66,6.13,6.13
2004 11 17 12,0,205.4,9.7,9.7
2004 11 18 12,0,248.38,12.83,12.83
2004 11 19 12,0,142.15,12.52,12.52
2004 11 20 12,3.74,296.11,13.41,13.41
2004 11 21 12,1.78,132.15,12.58,12.58
2004 11 22 12,0.26,159.86,12.66,12.66
2004 11 23 12,9.36,145.65,13.85,13.85
2004 11 24 12,47.5,155.78,14.2,14.2
2004 11 25 12,6.34,303.65,7.54,7.54
2004 11 26 12,0.02,325.58,1.44,1.44
2004 11 27 12,6.96,218.92,2.03,2.03
2004 11 28 12,2.93,324.28,6.23,6.23
2004 11 29 12,0,282.2,6.24,6.24
2004 11 30 12,0.13,234.26,7.82,7.82
2004 12 01 12,25.12,338.37,9.54,9.54
2004 12 02 12,0,335.11,4.4,4.4
2004 12 03 12,0,334.4,3.23,3.23
2004 12 04 12,0,331.48,3.17,3.17
2004 12 05 12,0,328.41,5.11,5.11
2004 12 06 12,35.19,100.88,8.71,8.71
2004 12 07 12,16.21,207.02,13.13,13.13
2004 12 08 12,0.05,325.56,11.39,11.39
2004 12 09 12,37.22,139.58,11.48,11.48
2004 12 10 12,5.18,244.81,11.99,11.99
2004 12 11 12,0.56,226.83,4.4,4.4
2004 12 12 12,0.02,263.71,2.15,2.15
2004 12 13 12,0,319.95,2.91,2.91
2004 12 14 12,0,304.56,-3.54,-3.54
2004 12 15 12,0,328.2,-3.69,-3.69
2004 12 16 12,0,331.42,-0.28,-0.28
2004 12 17 12,0,265.81,1.56,1.56
2004 12 18 12,0,321.08,2.17,2.17
2004 12 19 12,0.04,172.08,0.62,0.62
2004 12 20 12,0,322.72,-7.37,-7.37
2004 12 21 12,0,221.34,-0.51,-0.51
2004 12 22 12,0.48,237.95,4.52,4.52
2004 12 23 12,64.93,280.18,8.15,8.15
2004 12 24 12,0,295.68,-0.25,-0.25
2004 12 25 12,0,303.92,-1.06,-1.06
2004 12 26 12,0,320.81,-0.54,-0.54
2004 12 27 12,0,327.47,-0.66,-0.66
2004 12 28 12,0,316.75,0,0
2004 12 29 12,0.01,316.75,2.99,2.99
2004 12 30 12,0,271.63,7.15,7.15
2004 12 31 12,0,245.79,9.41,9.41
2005 01 01 12,0,300.28,11.26,11.26
2005 01 02 12,0,206.63,11.21,11.21
2005 01 03 12,0,208.97,12.39,12.39
2005 01 04 12,0,219.68,13.81,13.81
2005 01 05 12,0,308.22,12.9,12.9
2005 01 06 12,2.63,99.09,12.76,12.76
2005 01 07 12,0.17,144.64,8.56,8.56
2005 01 08 12,9.53,304.76,12.4,12.4
2005 01 09 12,0.03,319.99,8.73,8.73
2005 01 10 12,0,322.55,9.04,9.04
2005 01 11 12,0,254.96,10.52,10.52
2005 01 12 12,0.05,298.6,13.01,13.01
2005 01 13 12,13.46,186,14.05,14.05
2005 01 14 12,29.89,332.96,9.13,9.13
2005 01 15 12,0,270.49,1.93,1.93
2005 01 16 12,0,332.52,1.73,1.73
2005 01 17 12,0,349.31,-5.13,-5.13
2005 01 18 12,0,352.73,-6.76,-6.76
2005 01 19 12,0,176.23,-4.86,-4.86
2005 01 20 12,0,290.21,0.52,0.52
2005 01 21 12,0.01,307.76,5.32,5.32
2005 01 22 12,0.4,156.16,3.35,3.35
2005 01 23 12,0,363.97,-6.37,-6.37
2005 01 24 12,0,300.98,-4.57,-4.57
2005 01 25 12,0,348.32,1.45,1.45
2005 01 26 12,0.18,240.27,6.1,6.1
2005 01 27 12,0,347.06,3.13,3.13
2005 01 28 12,0,233.05,-1.87,-1.87
2005 01 29 12,19.19,95,-3.25,-3.25
2005 01 30 12,6.58,347.77,0.58,0.58
2005 01 31 12,0.09,277.88,0.28,0.28
2005 02 01 12,0.31,241.53,1.04,1.04
2005 02 02 12,8.4,108.98,0.27,0.27
2005 02 03 12,16.17,284.27,1.09,1.09
2005 02 04 12,0,385.23,1.44,1.44
2005 02 05 12,0,382.02,3.17,3.17
2005 02 06 12,0,333.5,4.52,4.52
2005 02 07 12,0,243.6,5.43,5.43
2005 02 08 12,0.06,136.6,8.5,8.5
2005 02 09 12,0.46,244.57,10.85,10.85
2005 02 10 12,0.5,340.4,3.71,3.71
2005 02 11 12,0.03,405.1,-1.5,-1.5
2005 02 12 12,0,395.11,2.57,2.57
2005 02 13 12,3.17,112.09,4.55,4.55
2005 02 14 12,14.99,139.28,7.36,7.36
2005 02 15 12,0.01,347.66,10.28,10.28
2005 02 16 12,0.86,336.46,12.19,12.19
2005 02 17 12,0,374.91,4.83,4.83
2005 02 18 12,0,416.33,-0.4,-0.4
2005 02 19 12,0,293.38,1.93,1.93
2005 02 20 12,9.3,125.76,4.18,4.18
2005 02 21 12,43.77,165.03,7.85,7.85
2005 02 22 12,0.92,422.44,11.44,11.44
2005 02 23 12,0.02,424.56,9.72,9.72
2005 02 24 12,11.73,204.87,8.52,8.52
2005 02 25 12,0,440.88,4.26,4.26
2005 02 26 12,0,424.57,4.84,4.84
2005 02 27 12,0.17,258.87,4.25,4.25
2005 02 28 12,22.62,132.14,2.66,2.66
2005 03 01 12,0.41,308.7,-1.17,-1.17
2005 03 02 12,0,470.56,-3.29,-3.29
2005 03 03 12,0,457.55,0.09,0.09
2005 03 04 12,0,446.68,2.68,2.68
2005 03 05 12,1.48,373.28,6.71,6.71
2005 03 06 12,0,468.38,4.76,4.76
2005 03 07 12,2.93,263.6,6.36,6.36
2005 03 08 12,18.32,382.76,5.29,5.29
2005 03 09 12,0,400.96,-0.29,-0.29
2005 03 10 12,0,447.07,1.67,1.67
2005 03 11 12,0.13,370.71,3.92,3.92
2005 03 12 12,0.21,476.6,4.88,4.88
2005 03 13 12,0,473.61,11.49,11.49
2005 03 14 12,5.02,326.46,10.71,10.71
2005 03 15 12,0.75,266.63,4.73,4.73
2005 03 16 12,13.83,136.43,5.11,5.11
2005 03 17 12,5.36,152.3,1.99,1.99
2005 03 18 12,0,488.87,2.27,2.27
2005 03 19 12,0,289.38,4.98,4.98
2005 03 20 12,0,499.06,7.31,7.31
2005 03 21 12,0,251.98,8.33,8.33
2005 03 22 12,18.34,220.61,8.73,8.73
2005 03 23 12,20.57,387.72,12.07,12.07
2005 03 24 12,0,504.2,9.15,9.15
2005 03 25 12,0,465.51,12.06,12.06
2005 03 26 12,0,376.11,13.5,13.5
2005 03 27 12,13.47,265.17,14.18,14.18
2005 03 28 12,42.99,165.13,9.33,9.33
2005 03 29 12,0.08,515.2,9.77,9.77
2005 03 30 12,0,504.49,13.19,13.19
2005 03 31 12,25.01,264.11,13.33,13.33
2005 04 01 12,1.14,287.67,13.57,13.57
2005 04 02 12,23.37,215.83,7.52,7.52
2005 04 03 12,1.87,531,5.37,5.37
2005 04 04 12,0,513.14,10.72,10.72
2005 04 05 12,0,427.49,13.78,13.78
2005 04 06 12,0,496.39,14.87,14.87
2005 04 07 12,9.48,331.12,14.26,14.26
2005 04 08 12,26.89,312.71,12.9,12.9
2005 04 09 12,0.44,466.6,12.84,12.84
2005 04 10 12,0,526.79,13.5,13.5
2005 04 11 12,0,449.17,16.12,16.12
2005 04 12 12,6.33,227.71,14.01,14.01
2005 04 13 12,20.46,391.99,12.07,12.07
2005 04 14 12,3.08,517.87,9.19,9.19
2005 04 15 12,0,546.18,9.4,9.4
2005 04 16 12,0,553.66,7.57,7.57
2005 04 17 12,0,529.24,10.2,10.2
2005 04 18 12,0,538.75,13.86,13.86
2005 04 19 12,0,528.18,15.15,15.15
2005 04 20 12,0,525.42,15.5,15.5
2005 04 21 12,2.15,503.35,15.25,15.25
2005 04 22 12,19.69,378.18,15.77,15.77
2005 04 23 12,7.47,396.7,11.52,11.52
2005 04 24 12,0.38,393.25,2.2,2.2
2005 04 25 12,0,545.84,5.33,5.33
2005 04 26 12,6.56,228.55,6.99,6.99
2005 04 27 12,1.58,363.34,9.19,9.19
2005 04 28 12,0.75,399.68,7.61,7.61
2005 04 29 12,0.05,464.12,13.51,13.51
2005 04 30 12,21.56,375.83,15.84,15.84
2005 05 01 12,0.28,588.19,11.72,11.72
2005 05 02 12,0,474.62,9.96,9.96
2005 05 03 12,0,523.22,8.76,8.76
2005 05 04 12,0,488.38,10.96,10.96
2005 05 05 12,0.29,144.76,10.37,10.37
2005 05 06 12,0.01,521.74,11.48,11.48
2005 05 07 12,0,586.64,14.04,14.04
2005 05 08 12,0,583.06,15.84,15.84
2005 05 09 12,0,578.33,18.43,18.43
2005 05 10 12,9.65,403.3,17.53,17.53
2005 05 11 12,0.01,534.53,17.53,17.53
2005 05 12 12,0.11,575.15,20.31,20.31
2005 05 13 12,2.14,495.06,20.58,20.58
2005 05 14 12,2.91,461.14,19.51,19.51
2005 05 15 12,11.78,386.53,17.55,17.55
2005 05 16 12,0,549.96,15.26,15.26
2005 05 17 12,0,544.15,16.58,16.58
2005 05 18 12,0,454.01,17.68,17.68
2005 05 19 12,2.45,481.55,18.86,18.86
2005 05 20 12,48.15,354.16,19.15,19.15
2005 05 21 12,0.13,559.26,16.26,16.26
2005 05 22 12,0,483.52,17.76,17.76
2005 05 23 12,0,576.01,19.62,19.62
2005 05 24 12,0,533.87,16.42,16.42
2005 05 25 12,0,484.05,11.3,11.3
2005 05 26 12,0,588.19,14.07,14.07
2005 05 27 12,0,563.81,16.51,16.51
2005 05 28 12,0.56,458.4,16.87,16.87
2005 05 29 12,0.4,409.66,17.26,17.26
2005 05 30 12,4.03,267.91,15.06,15.06
2005 05 31 12,0,455.39,17.37,17.37
2005 06 01 12,28.63,155.78,15.82,15.82
2005 06 02 12,36.69,426.72,17.08,17.08
2005 06 03 12,8.26,370.25,17.32,17.32
2005 06 04 12,0.21,493.48,20.34,20.34
2005 06 05 12,10.51,448.5,22.52,22.52
2005 06 06 12,4.86,358.38,23.48,23.48
2005 06 07 12,25.25,456.75,22.98,22.98
2005 06 08 12,23.22,402.59,22.48,22.48
2005 06 09 12,28.24,398.32,21.51,21.51
2005 06 10 12,16.41,323.89,20.88,20.88
2005 06 11 12,11.73,241.99,19.44,19.44
2005 06 12 12,85.21,245.24,18.73,18.73
2005 06 13 12,18.77,503.87,20.82,20.82
2005 06 14 12,0.01,524.75,24.17,24.17
2005 06 15 12,0,562.59,23.62,23.62
2005 06 16 12,0,565.53,20.92,20.92
2005 06 17 12,0,560.65,18.61,18.61
2005 06 18 12,14.09,453.97,18.59,18.59
2005 06 19 12,2.53,463.65,18.65,18.65
2005 06 20 12,10.23,372.32,17.38,17.38
2005 06 21 12,2.66,484.35,17.62,17.62
2005 06 22 12,0.01,558.2,19.74,19.74
2005 06 23 12,0,552.44,21.38,21.38
2005 06 24 12,0,503.77,21.87,21.87
2005 06 25 12,0.03,517.73,21.67,21.67
2005 06 26 12,4.04,335.58,19.62,19.62
2005 06 27 12,23.48,430.85,21.16,21.16
2005 06 28 12,18.4,410.81,22.25,22.25
2005 06 29 12,6.74,413.35,21.81,21.81
2005 06 30 12,6.73,438.52,23.01,23.01
2005 07 01 12,12.59,462.02,24.15,24.15
2005 07 02 12,3.76,481.45,24.08,24.08
2005 07 03 12,16.1,320.33,23.17,23.17
2005 07 04 12,6.51,379.36,21.95,21.95
2005 07 05 12,8.26,512.29,23.09,23.09
2005 07 06 12,1.29,372.8,22.59,22.59
2005 07 07 12,75.45,209.62,19.89,19.89
2005 07 08 12,0.12,564.28,20.27,20.27
2005 07 09 12,0.21,471.75,22.72,22.72
2005 07 10 12,10.31,429.53,22.85,22.85
2005 07 11 12,56.27,198.38,20.5,20.5
2005 07 12 12,29.77,428.22,21.58,21.58
2005 07 13 12,7.67,380.67,22.41,22.41
2005 07 14 12,4.05,379.54,21.82,21.82
2005 07 15 12,14.79,447.59,22.11,22.11
2005 07 16 12,3.18,350.8,21.86,21.86
2005 07 17 12,4.62,510.28,23.07,23.07
2005 07 18 12,1.73,478.66,23.64,23.64
2005 07 19 12,4.2,472.44,23.77,23.77
2005 07 20 12,16.93,442.06,23.89,23.89
2005 07 21 12,5.4,445.39,24.26,24.26
2005 07 22 12,3.7,528.5,24.55,24.55
2005 07 23 12,1.31,566.63,24.49,24.49
2005 07 24 12,0,546.71,24.45,24.45
2005 07 25 12,0,543.96,25.25,25.25
2005 07 26 12,0.24,560.81,26.53,26.53
2005 07 27 12,0,525.83,26.61,26.61
2005 07 28 12,2.12,455.39,25.72,25.72
2005 07 29 12,68.57,230.2,23.66,23.66
2005 07 30 12,0.92,434.02,21.7,21.7
2005 07 31 12,4.2,443.77,21.23,21.23
2005 08 01 12,6.24,472.5,20.77,20.77
2005 08 02 12,0.06,530.4,22.12,22.12
2005 08 03 12,0.02,561.15,23.77,23.77
2005 08 04 12,5.02,529.15,24.51,24.51
2005 08 05 12,1.29,521.94,24.54,24.54
2005 08 06 12,3.53,386.61,23.1,23.1
2005 08 07 12,46.99,195.78,19.17,19.17
2005 08 08 12,12.73,193.75,18.94,18.94
2005 08 09 12,0.94,426.04,20.6,20.6
2005 08 10 12,10.8,448.57,22.37,22.37
2005 08 11 12,0.18,531.88,23.5,23.5
2005 08 12 12,5.03,458.22,23.98,23.98
2005 08 13 12,10.42,402.58,23.78,23.78
2005 08 14 12,6.82,473.37,23.26,23.26
2005 08 15 12,2.57,481.23,24.89,24.89
2005 08 16 12,3.89,428.15,25.04,25.04
2005 08 17 12,8.25,441.32,23.39,23.39
2005 08 18 12,9.53,411.41,23.36,23.36
2005 08 19 12,23.46,381.27,23.44,23.44
2005 08 20 12,0.02,531.98,24.93,24.93
2005 08 21 12,2.3,485.16,25.69,25.69
2005 08 22 12,10.97,427.32,24.56,24.56
2005 08 23 12,24.32,381.27,23.75,23.75
2005 08 24 12,0.56,372.29,23.08,23.08
2005 08 25 12,0.6,348.27,21.86,21.86
2005 08 26 12,0,536.92,21,21
2005 08 27 12,0.02,410.45,21.11,21.11
2005 08 28 12,1.04,435.26,22.16,22.16
2005 08 29 12,0.06,425.87,22.82,22.82
2005 08 30 12,57.96,208.44,19.25,19.25
2005 08 31 12,0,540.13,21.47,21.47
2005 09 01 12,0,514.43,21.08,21.08
2005 09 02 12,0,507.14,21.1,21.1
2005 09 03 12,0,516.01,20.6,20.6
2005 09 04 12,0,511.14,18.61,18.61
2005 09 05 12,0,505.46,19.2,19.2
2005 09 06 12,0,511.22,17.82,17.82
2005 09 07 12,0,509.63,18.02,18.02
2005 09 08 12,0,500.23,18.88,18.88
2005 09 09 12,0,508.96,19.19,19.19
2005 09 10 12,0,509.03,19.05,19.05
2005 09 11 12,0,500.45,19.36,19.36
2005 09 12 12,0,513.65,18.6,18.6
2005 09 13 12,0,503.63,19.27,19.27
2005 09 14 12,0,493.63,21.11,21.11
2005 09 15 12,0,487.46,21.78,21.78
2005 09 16 12,5.96,336.08,22.24,22.24
2005 09 17 12,0,491.66,21.25,21.25
2005 09 18 12,0,492.4,21.55,21.55
2005 09 19 12,0,485.33,21.22,21.22
2005 09 20 12,0,463.82,22.62,22.62
2005 09 21 12,0,465.06,23.13,23.13
2005 09 22 12,0,414.84,22.3,22.3
2005 09 23 12,0,482.7,21.89,21.89
2005 09 24 12,0,415.84,21.74,21.74
2005 09 25 12,0,357.98,21.26,21.26
2005 09 26 12,8.59,129.86,19.69,19.69
2005 09 27 12,0.13,471.54,19.27,19.27
2005 09 28 12,2.68,309.31,19.48,19.48
2005 09 29 12,5.29,301.99,17.71,17.71
2005 09 30 12,0.11,380.57,16.41,16.41